{
  "total_return": 97.96368429790685,
  "annualized_return": 237.48771951007723,
  "sharpe_ratio": 28.349534588221278,
  "max_drawdown": -0.0060804358523234864,
  "win_rate": 0.7575757575757576,
  "avg_daily_return": 0.04783212538239141,
  "std_daily_return": 0.02613842105320384,
  "total_trades": 495,
  "avg_profit": 19913.44802232871,
  "avg_profit_rate": 0.04962565209610242,
  "final_value": 9896368.429790685
}