{
  "discovered_factors": [
    "seal_strength",
    "limitup_time_score",
    "leader_score"
  ],
  "best_ic": 0.18951470108708657,
  "best_f1": 0.08429118773946359,
  "fitness_history": [
    0.12531573600054863,
    0.12531573600054863,
    0.1294462345797611,
    0.1294462345797611,
    0.1294462345797611,
    0.14014210700276578,
    0.14014210700276578,
    0.14014210700276578,
    0.14211957470942846,
    0.14211957470942846,
    0.14211957470942846,
    0.14211957470942846,
    0.18951470108708657,
    0.18951470108708657,
    0.18951470108708657,
    0.18951470108708657,
    0.18951470108708657,
    0.18951470108708657,
    0.18951470108708657,
    0.18951470108708657
  ]
}